Cuota,Interes,Amortizacion,Saldo Restante
1,450000.0,32773.570166868856,59967226.42983313
2,449754.1982237485,33019.37194312038,59934207.057890005
3,449506.552934175,33267.01723269385,59900940.04065731
4,449257.05030492984,33516.519861939014,59867423.520795375
5,449005.6764059653,33767.893760903564,59833655.62703447
6,448752.4172027585,34021.15296411037,59799634.47407036
7,448497.2585555277,34276.31161134114,59765358.16245902
8,448240.1862184427,34533.38394842617,59730824.7785106
9,447981.1858388295,34792.38432803936,59696032.39418256
10,447720.2429563692,35053.32721049967,59660979.06697206
11,447457.34300229046,35316.22716457839,59625662.83980748
12,447192.4712985561,35581.09886831278,59590081.74093917
13,446925.61305704375,35847.9571098251,59554233.78382935
14,446656.7533787201,36116.816788148775,59518116.967041194
15,446385.87725280895,36387.69291405991,59481729.27412713
16,446112.96955595346,36660.6006109154,59445068.67351622
17,445838.01505137165,36935.555115497205,59408133.11840072
18,445560.9983880054,37212.571778863436,59370920.54662186
19,445281.90409966395,37491.666067204904,59333428.88055465
20,445000.7166041599,37772.853562708944,59295656.02699195
21,444717.4202024396,38056.14996442926,59257599.87702752
22,444431.99907770636,38341.57108916249,59219258.305938356
23,444144.43729453767,38629.13287233119,59180629.17306603
24,443854.7187979952,38918.85136887367,59141710.32169715
25,443562.8274127286,39210.74275414023,59102499.578943014
26,443268.7468420726,39504.82332479628,59062994.755618215
27,442972.4606671366,39801.109499732265,59023193.646118484
28,442673.9523458886,40099.61782098026,58983094.028297506
29,442373.20521223126,40400.3649546376,58942693.66334287
30,442070.20247507154,40703.36769179732,58901990.29565107
31,441764.927217383,41008.64294948586,58860981.65270159
32,441457.3623952619,41316.207771606976,58819665.44492998
33,441147.4908369748,41626.07932989404,58778039.36560009
34,440835.29524200066,41938.274924868194,58736101.09067522
35,440520.75818006415,42252.81198680471,58693848.278688416
36,440203.8620901631,42569.70807670575,58651278.57061171
37,439884.5892795878,42888.98088728107,58608389.58972443
38,439562.9219229332,43210.64824393566,58565178.941480495
39,439238.84206110367,43534.728105765185,58521644.21337473
40,438912.33160031046,43861.2385665584,58477782.97480817
41,438583.37231106125,44190.19785580761,58433592.77695236
42,438251.9458271427,44521.62433972617,58389071.152612634
43,437918.0336445947,44855.53652227414,58344215.61609036
44,437581.61712067766,45191.95304619119,58299023.66304417
45,437242.6774728313,45530.89269403758,58253492.77035013
46,436901.19577762595,45872.374389242905,58207620.39596088
47,436557.1529697066,46216.41719716223,58161403.97876372
48,436210.5298407279,46563.04032614094,58114840.93843758
49,435861.30703828187,46912.26312858699,58067928.675308995
50,435509.46506481746,47264.1051020514,58020664.57020694
51,435154.98427655204,47618.58589031681,57973045.984316625
52,434797.8448823747,47975.72528449417,57925070.25903213
53,434438.02694274095,48335.543224127905,57876734.715808004
54,434075.51036856003,48698.05979830882,57828036.6560097
55,433710.2749200727,49063.29524679616,57778973.3607629
56,433342.30020572175,49431.2699611471,57729542.09080175
57,432971.5656810131,49802.00448585575,57679740.0863159
58,432598.05064736924,50175.51951949962,57629564.5667964
59,432221.734250973,50551.83591589588,57579012.73088051
60,431842.59548160376,50930.9746852651,57528081.75619524
61,431460.6131714643,51312.95699540456,57476768.799199834
62,431075.76599399874,51697.80417287012,57425070.99502696
63,430688.0324627022,52085.537704166665,57372985.45732279
64,430297.3909299209,52476.179236947966,57320509.27808584
65,429903.8195856438,52869.75058122503,57267639.527504615
66,429507.2964562846,53266.27371058427,57214373.25379403
67,429107.7994034552,53665.77076341363,57160707.48303062
68,428705.3061227296,54068.26404413924,57106639.21898648
69,428299.7941423986,54473.77602447028,57052165.44296201
70,427891.2408222151,54882.32934465376,56997283.11361736
71,427479.6233521302,55293.94681473868,56941989.16680262
72,427064.91875101964,55708.65141584922,56886280.515386775
73,426647.1038654008,56126.466301468085,56830154.049085304
74,426226.1553681398,56547.41479872906,56773606.634286575
75,425802.0497571493,56971.52040971955,56716635.11387686
76,425374.7633540764,57398.806812792434,56659236.307064064
77,424944.2723029805,57829.29786388838,56601407.00920018
78,424510.55256900133,58263.017597867525,56543143.99160231
79,424073.5799370173,58699.990229851566,56484444.00137246
80,423633.3300102934,59140.240156575455,56425303.76121588
81,423189.7782091191,59583.79195774975,56365719.96925813
82,422742.8997694359,60030.67039743293,56305689.2988607
83,422292.66974145523,60480.90042541362,56245208.39843529
84,421839.06298826466,60934.507178604195,56184273.89125668
85,421382.0541844251,61391.51598244376,56122882.37527424
86,420921.6178145568,61851.952352312044,56061030.422921926
87,420457.7281719144,62315.84199495445,55998714.58092697
88,419990.35935695225,62783.21080991661,55935931.37011705
89,419519.4852758779,63254.084890990984,55872677.28522606
90,419045.07963919546,63728.49052767339,55808948.79469839
91,418567.11596023786,64206.454206630995,55744742.34049176
92,418085.56755368813,64688.002613180724,55680054.33787858
93,417600.4075340893,65173.16263277957,55614881.1752458
94,417111.60881434346,65661.9613525254,55549219.21389327
95,416619.14410419954,66154.42606266931,55483064.787830606
96,416122.98590872955,66650.58425813931,55416414.20357247
97,415623.1065267935,67150.46364007535,55349263.73993239
98,415119.4780494929,67654.09211737599,55281609.64781501
99,414612.07235861255,68161.4978082563,55213448.150006756
100,414100.86112505064,68672.70904181822,55144775.44096494
101,413585.815807237,69187.75435963186,55075587.686605304
102,413066.90764953976,69706.6625173291,55005881.02408797
103,412544.1076806598,70229.46248620906,54935651.561601765
104,412017.3867120132,70756.18345485564,54864895.37814691
105,411486.7153361018,71286.85483076703,54793608.523316145
106,410952.0639248711,71821.50624199776,54721787.017074145
107,410413.40262805606,72360.16753881279,54649426.84953533
108,409870.701371515,72902.86879535386,54576523.98073998
109,409323.9298555498,73449.64031131903,54503074.340428665
110,408773.05755321495,74000.5126136539,54429073.82781501
111,408218.05370861257,74555.51645825629,54354518.31135675
112,407658.88733517565,75114.68283169321,54279403.62852506
113,407095.52721393795,75678.0429529309,54203725.58557213
114,406527.94189179095,76245.6282750779,54127479.95729705
115,405956.09967972786,76817.47048714099,54050662.48680991
116,405379.96865107433,77393.60151579452,53973268.88529412
117,404799.51663970586,77974.05352716299,53895294.831766956
118,404214.7112382522,78558.85892861668,53816735.97283834
119,403625.5197962875,79148.05037058133,53737587.92246776
120,403031.9094185082,79741.66074836068,53657846.2617194
121,402433.8469628955,80339.72320397338,53577506.538515426
122,401831.29903886566,80942.2711280032,53496564.26738742
123,401224.23200540565,81549.33816146321,53415014.92922596
124,400612.61196919467,82160.95819767419,53332853.97102828
125,399996.4047827121,82777.16538415675,53250076.805644125
126,399375.57604233094,83397.99412453792,53166678.811519586
127,398750.0910863969,84023.47908047197,53082655.33243912
128,398119.91499329335,84653.6551735755,52998001.67726554
129,397485.01257949154,85288.55758737732,52912713.11967816
130,396845.3483975862,85928.22176928265,52826784.89790888
131,396200.8867343166,86572.68343255227,52740212.21447633
132,395551.59160857246,87221.9785582964,52652990.23591804
133,394897.4267693853,87876.14339748357,52565114.09252056
134,394238.35569390416,88535.2144729647,52476578.87804759
135,393574.3415853569,89199.22858151194,52387379.64946608
136,392905.3473709956,89868.22279587324,52297511.42667021
137,392231.33570002654,90542.23446684232,52206969.192203365
138,391552.26894152525,91221.3012253436,52115747.89097802
139,390868.10918233515,91905.46098453371,52023842.42999349
140,390178.81822495116,92594.7519419177,51931247.67805157
141,389484.3575853867,93289.21258148213,51837958.46547008
142,388784.6884910256,93988.88167584327,51743969.583794236
143,388079.77187845676,94693.7982884121,51649275.785505824
144,387369.56839129364,95404.00177557522,51553871.783730246
145,386654.03837797686,96119.531788892,51457752.25194135
146,385933.14188956015,96840.4282773087,51360911.82366405
147,385206.83867748035,97566.7314893885,51263345.09217466
148,384475.0881913099,98298.48197555897,51165046.6101991
149,383737.84957649326,99035.7205903756,51066010.889608726
150,382995.0816720654,99778.48849480343,50966232.40111392
151,382246.7430083544,100526.82715851447,50865705.5739554
152,381492.7918046655,101280.77836220333,50764424.7955932
153,380733.185966949,102040.38419991988,50662384.411393285
154,379967.88308544963,102805.68708141922,50559578.724311866
155,379196.840432339,103576.72973452986,50456001.99457733
156,378420.01495933,104353.55520753888,50351648.4393698
157,377637.36329527345,105136.20687159541,50246512.2324982
158,376848.84174373647,105924.72842313239,50140587.504075065
159,376054.406280563,106719.16388630588,50033868.34018876
160,375254.01255141565,107519.5576154532,49926348.782573305
161,374447.6158692998,108325.95429756906,49818022.82827573
162,373635.171212068,109138.39895480085,49708884.42932093
163,372816.63321990694,109956.93694696191,49598927.49237397
164,371991.9561928048,110781.61397406406,49488145.87839991
165,371161.0940879993,111612.47607886954,49376533.40232104
166,370324.0005174078,112449.56964946107,49264083.83267158
167,369480.62874503684,113292.94142183202,49150790.89124975
168,368630.9316843731,114142.63848249573,49036648.25276726
169,367774.8618957544,114998.70827111445,48921649.54449614
170,366912.371583721,115861.19858314784,48805788.34591299
171,366043.41259434744,116730.15757252142,48689058.18834047
172,365167.93641255354,117605.63375431532,48571452.55458616
173,364285.8941593962,118487.67600747268,48452964.878578685
174,363397.23658934014,119376.33357752871,48333588.54500116
175,362501.9140875087,120271.65607936017,48213316.8889218
176,361599.87666691345,121173.6934999554,48092143.195421845
177,360691.07396566385,122082.49620120501,47970060.69922064
178,359775.4552441548,122998.11492271407,47847062.584297925
179,358852.96938223444,123920.60078463441,47723141.98351329
180,357923.56487634964,124850.00529051921,47598291.97822277
181,356987.18983667076,125786.3803301981,47472505.597892575
182,356043.7919841943,126729.77818267455,47345775.8197099
183,355093.3186478242,127680.25151904463,47218095.56819085
184,354135.71676143137,128637.85340543749,47089457.71478541
185,353170.9328608906,129602.63730597828,46959855.07747944
186,352198.9130810958,130574.65708577307,46829280.42039366
187,351219.60315295245,131553.9670139164,46697726.45337974
188,350232.9484003481,132540.62176652078,46565185.83161322
189,349238.89373709913,133534.67642976972,46431651.15518345
190,348237.38366387587,134536.186502993,46297114.96868046
191,347228.3622651034,135545.20790176548,46161569.76077869
192,346211.77320584015,136561.7969610287,46025007.963817656
193,345187.5597286324,137586.01043823647,45887421.95337942
194,344155.6646503456,138617.90551652323,45748804.0478629
195,343116.03035897174,139657.53980789712,45609146.508055
196,342068.5988104125,140704.97135645634,45468441.53669854
197,341013.3115252391,141760.25864162977,45326681.27805691
198,339950.1095854268,142823.46058144205,45183857.81747547
199,338878.933631066,143894.63653580286,45039963.18093967
200,337799.7238570475,144973.84630982135,44894989.33462985
201,336712.42000972386,146061.150157145,44748928.1844727
202,335616.96138354525,147156.6087833236,44601771.575689375
203,334513.2868176703,148260.28334919858,44453511.292340174
204,333401.3346925513,149372.23547431757,44304139.056865856
205,332281.0429264939,150492.52724037494,44153646.52962548
206,331152.3489721911,151621.22119467775,44002025.308430806
207,330015.18981323106,152758.3803536378,43849266.92807717
208,328869.5019605788,153904.06820629007,43695362.85987088
209,327715.2214490316,155058.34871783725,43540304.51115304
210,326552.2838336478,156221.28633322107,43384083.224819824
211,325380.6241861487,157392.94598072016,43226690.278839104
212,324200.17709129327,158573.3930755756,43068116.885763526
213,323010.8766432264,159762.69352364243,42908354.19223988
214,321812.6564417991,160960.91372506978,42747393.27851481
215,320605.4495888611,162168.12057800777,42585225.157936804
216,319389.188684526,163384.38148234284,42421840.77645446
217,318163.8058234085,164609.76434346038,42257231.012111
218,316929.2325908325,165844.33757603634,42091386.67453496
219,315685.4000590122,167088.17010785668,41924298.504427105
220,314432.2387832033,168341.33138366556,41755957.17304344
221,313169.67879782576,169603.8913690431,41586353.28167439
222,311897.64961255796,170875.9205543109,41415477.36112008
223,310616.0802084006,172157.48995846824,41243319.87116162
224,309324.8990337121,173448.67113315675,41069871.200028464
225,308024.0340002135,174749.53616665537,40895121.66386181
226,306713.41247896355,176060.1576879053,40719061.50617391
227,305392.9612963043,177380.60887056455,40541680.89730334
228,304062.6067297751,178710.96343709377,40362969.93386625
229,302722.2745039968,180051.29566287203,40182918.638203375
230,301371.8897865253,181401.68038034358,40001516.95782303
231,300011.37718367274,182762.19298319612,39818754.764839835
232,298640.66073629877,184132.9094305701,39634621.855409265
233,297259.6639155695,185513.90625129937,39449107.94915797
234,295868.30961868475,186905.2605481841,39262202.68860979
235,294466.5201645734,188307.05000229547,39073895.638607495
236,293054.2172895562,189719.35287731263,38884176.28573018
237,291631.32214297634,191142.24802389252,38693034.03770629
238,290197.7552827972,192575.81488407165,38500458.22282222
239,288753.4366711666,194020.13349570223,38306438.089326516
240,287298.28566994885,195475.28449692,38110962.8048296
241,285832.22103622195,196941.3491306469,37914021.45569895
242,284355.1609177421,198418.40924912674,37715603.046449825
243,282867.0228483737,199906.54731849517,37515696.49913133
244,281367.72374348494,201405.84642338392,37314290.65270794
245,279857.17989530956,202916.3902715593,37111374.26243638
246,278335.30696827284,204438.26319859602,36906935.99923778
247,276802.0199942834,205971.55017258547,36700964.4490652
248,275257.233367989,207516.33679887984,36493448.112266324
249,273700.86084199743,209072.70932487142,36284375.40294145
250,272132.81552206085,210640.754644808,36073734.64829664
251,270553.0098622248,212220.56030464405,35861514.087992
252,268961.35565994,213812.21450692887,35647701.873485066
253,267357.76405113796,215415.8061157309,35432286.067369334
254,265742.14550527,217031.42466159887,35215254.642707735
255,264114.409820308,218659.16034656088,34996595.482361175
256,262474.4661177088,220299.10404916003,34776296.378312014
257,260822.2228373401,221951.34732952877,34554345.03098249
258,259157.58773236864,223615.9824345002,34330729.04854798
259,257480.46786410987,225293.10230275898,34105435.94624522
260,255790.76959683918,226982.80057002968,33878453.1456752
261,254088.39859256396,228685.1715743049,33649767.974100895
262,252373.2598057567,230400.31036111215,33419367.66373978
263,250645.25747804836,232128.3126888205,33187239.35105096
264,248904.2951328822,233869.27503398666,32953370.076016974
265,247150.2755701273,235623.29459674156,32717746.78142023
266,245383.10086065173,237390.46930621713,32480356.312114015
267,243602.67234085512,239170.89782601374,32241185.414288003
268,241808.89060716002,240964.67955970883,32000220.734728295
269,240001.6555104622,242771.91465640665,31757448.820071887
270,238180.86615053914,244592.70401632972,31512856.116055556
271,236346.42087041665,246427.1492964522,31266428.966759104
272,234498.21725069327,248275.3529161756,31018153.613842927
273,232636.15210382195,250137.4180630469,30768016.19577988
274,230760.12146834907,252013.4486985198,30516002.747081358
275,228870.02060311017,253903.5495637587,30262099.1975176
276,226965.743981382,255807.82618548686,30006291.371332113
277,225047.18528499085,257726.384881878,29748564.986450236
278,223114.23739837678,259659.33276849208,29488905.653681744
279,221166.79240261306,261606.7777642558,29227298.875917487
280,219204.74156938115,263568.8285974877,28963730.04732
281,217227.9753549,265545.59481196885,28698184.452508032
282,215236.38339381025,267537.1867730586,28430647.265734974
283,213229.8544930123,269543.71567385655,28161103.550061118
284,211208.27662545838,271565.2935414105,27889538.25651971
285,209171.5369238978,273602.03324297105,27615936.223276738
286,207119.52167457552,275654.04849229334,27340282.174784444
287,205052.1163108833,277721.45385598554,27062560.72092846
288,202969.20540696345,279804.3647599054,26782756.356168553
289,200870.67267126415,281902.8974956047,26500853.45867295
290,198756.4009400471,284017.16922682174,26216836.289446127
291,196626.27217084594,286147.2979960229,25930688.991450105
292,194480.16743587577,288293.4027309931,25642395.58871911
293,192317.96691539334,290455.6032514755,25351939.985467635
294,190139.54989100725,292634.0202758616,25059305.965191774
295,187944.7947389383,294828.7754279305,24764477.189763844
296,185733.57892322884,297039.99124364,24467437.198520202
297,183505.7789889015,299267.79117796733,24168169.407342236
298,181261.27055506676,301512.2996118021,23866657.107730433
299,178999.92830797823,303773.64185889065,23562883.465871543
300,176721.62599403656,306051.9441728323,23256831.52169871
301,174426.2364127403,308347.33375412854,22948484.18794458
302,172113.63140958434,310659.93875728454,22637824.249187294
303,169783.6818689047,312989.8882979641,22324834.36088933
304,167436.25770666997,315337.3124601989,22009497.04842913
305,165071.2278632185,317702.34230365034,21691794.706125483
306,162688.46029594113,320085.10987092776,21371709.596254554
307,160287.82197190914,322485.7481949597,21049223.848059595
308,157869.17886044696,324904.3913064219,20724319.456753172
309,155432.39592564877,327341.1742412201,20396978.282511953
310,152977.33711883964,329796.23304802924,20067182.049463924
311,150503.86537097942,332269.70479588944,19734912.344668034
312,148011.84258501025,334761.72758185863,19400150.617086176
313,145501.1296281463,337272.44053872256,19062878.176547453
314,142971.58632410588,339801.983842763,18723076.19270469
315,140423.07144528517,342350.4987215837,18380725.693983104
316,137855.44270487328,344918.1274619956,18035807.56652111
317,135268.5567489083,347505.01341796055,17688302.55310315
318,132662.26914827363,350111.30101859523,17338191.252084553
319,130036.43439063414,352737.13577623473,16985454.11630832
320,127390.9058723124,355382.6642945565,16630071.452013765
321,124725.53589010323,358048.03427676565,16272023.417737
322,122040.1756330275,360733.39453384135,15911290.023203159
323,119334.67517402368,363438.8949928452,15547851.128210314
324,116608.88346157735,366164.6867052915,15181686.441505022
325,113862.64831128766,368910.9218555812,14812775.51964944
326,111095.8163973708,371677.7537694981,14441097.765879942
327,108308.23324409957,374465.3369227693,14066632.428957174
328,105499.7432171788,377273.82694969006,13689358.602007484
329,102670.18951505613,380103.3806518127,13309255.221355671
330,99819.41416016754,382954.1560067013,12926301.06534897
331,96947.25799011727,385826.31217675155,12540474.753172219
332,94053.56064879164,388720.00951807725,12151754.743654141
333,91138.16057740606,391635.4095894628,11760119.33406468
334,88200.89500548509,394572.67516138376,11365546.658903295
335,85241.59994177471,397531.9702250941,10968014.688678201
336,82260.1101650865,400513.46000178234,10567501.22867642
337,79256.25921507315,403517.3109517957,10163983.917724624
338,76229.87938293468,406543.6907839342,9757440.22694069
339,73180.80170205516,409592.7684648137,9347847.458475877
340,70108.85593856908,412664.7142282998,8935182.744247576
341,67013.87058185681,415759.69958501204,8519423.044662565
342,63895.672834969235,418877.8973318996,8100545.147330665
343,60754.08860497999,422019.4815618889,7678525.665768776
344,57588.94249326582,425184.627673603,7253341.038095173
345,54400.0577857138,428373.51238115504,6824967.525714018
346,51187.256442855134,431586.31372401374,6393381.211990004
347,47950.359089925034,434823.21107694384,5958558.00091306
348,44689.18500684795,438084.3851600209,5520473.61575304
349,41403.552118147796,441370.0180487211,5079103.597704318
350,38093.27698278239,444680.29318408645,4634423.304520232
351,34758.17478390173,448015.39538296714,4186407.9091372644
352,31398.059318529482,451375.51084833936,3735032.398288925
353,28012.742987166937,454760.82717970194,3280271.571109223
354,24602.036783319174,458171.53338354966,2822100.0377256735
355,21165.75028294255,461607.8198839263,2360492.217841747
356,17703.691633813105,465069.8785330558,1895422.3393086914
357,14215.667544815185,468557.9026220537,1426864.4366866378
358,10701.483275149783,472072.0868917191,954792.3497949187
359,7160.9426234618895,475612.62754340697,479179.7222515117
360,3593.8479168863378,479179.72224998253,1.5291734598577023e-06
